{
    "name": "root",
    "gauges": {
        "KartAgent.Policy.Entropy.mean": {
            "value": 0.469789057970047,
            "min": -0.08656502515077591,
            "max": 0.9243601560592651,
            "count": 501
        },
        "KartAgent.Environment.EpisodeLength.mean": {
            "value": 1382.7777777777778,
            "min": 452.85,
            "max": 1663.642857142857,
            "count": 492
        },
        "KartAgent.Policy.ExtrinsicValueEstimate.mean": {
            "value": -0.12108255922794342,
            "min": -0.31285202503204346,
            "max": -0.06686163693666458,
            "count": 501
        },
        "KartAgent.Environment.CumulativeReward.mean": {
            "value": -0.8892708271741867,
            "min": -1.0467098109862383,
            "max": -0.8264156807871426,
            "count": 501
        },
        "KartAgent.Policy.ExtrinsicReward.mean": {
            "value": -0.8892708271741867,
            "min": -1.0467098109862383,
            "max": -0.8264156807871426,
            "count": 501
        },
        "KartAgent.Losses.ValueLoss.mean": {
            "value": 0.0007429129909723997,
            "min": 0.00037679390516132116,
            "max": 0.005217817611992359,
            "count": 458
        },
        "KartAgent.Losses.PolicyLoss.mean": {
            "value": 0.141856387257576,
            "min": 0.0859900489449501,
            "max": 0.24019528925418854,
            "count": 458
        },
        "KartAgent.Losses.Q1Loss.mean": {
            "value": 0.00036926334723830223,
            "min": 0.00018649344565346837,
            "max": 0.0025063601788133383,
            "count": 458
        },
        "KartAgent.Losses.Q2Loss.mean": {
            "value": 0.0003701212117448449,
            "min": 0.0001867620594566688,
            "max": 0.0024854536168277264,
            "count": 458
        },
        "KartAgent.Policy.EntropyCoeff.mean": {
            "value": 5.721745401388034e-05,
            "min": 1.8303466276847757e-05,
            "max": 7.12648470653221e-05,
            "count": 458
        },
        "KartAgent.Policy.LearningRate.mean": {
            "value": 0.00019999996584374458,
            "min": 0.00019999993673991412,
            "max": 0.00019999999494757503,
            "count": 458
        },
        "KartAgent.IsTraining.mean": {
            "value": 1.0,
            "min": 1.0,
            "max": 1.0,
            "count": 501
        }
    },
    "metadata": {
        "timer_format_version": "0.1.0",
        "start_time_seconds": "1608224415",
        "python_version": "3.6.5 (default, Apr 25 2018, 14:26:36) \n[GCC 4.2.1 Compatible Apple LLVM 9.0.0 (clang-900.0.39.2)]",
        "command_line_arguments": "/usr/local/bin/mlagents-learn SacAgent.yaml --run-id=firstsac --resume --env=/Users/Karan/Documents/personal/rl/AI-KART-GREEDY-PATH/mac_app",
        "mlagents_version": "0.19.0",
        "mlagents_envs_version": "0.19.0",
        "communication_protocol_version": "1.0.0",
        "tensorflow_version": "1.14.0",
        "numpy_version": "1.19.4",
        "end_time_seconds": "1608234766"
    },
    "total": 10351.293691158993,
    "count": 1,
    "self": 0.48568974900990725,
    "children": {
        "run_training.setup": {
            "total": 0.08796141599304974,
            "count": 1,
            "self": 0.08796141599304974
        },
        "TrainerController.start_learning": {
            "total": 10350.72003999399,
            "count": 1,
            "self": 15.359074619831517,
            "children": {
                "TrainerController._reset_env": {
                    "total": 17.082900180015713,
                    "count": 1,
                    "self": 17.082900180015713
                },
                "TrainerController.advance": {
                    "total": 10316.699590121047,
                    "count": 258769,
                    "self": 7.579420579248108,
                    "children": {
                        "env_step": {
                            "total": 10309.120169541799,
                            "count": 258769,
                            "self": 9607.365240100771,
                            "children": {
                                "SubprocessEnvManager._take_step": {
                                    "total": 692.6077385572717,
                                    "count": 258769,
                                    "self": 21.427620963891968,
                                    "children": {
                                        "TFPolicy.evaluate": {
                                            "total": 671.1801175933797,
                                            "count": 251687,
                                            "self": 671.1801175933797
                                        }
                                    }
                                },
                                "workers": {
                                    "total": 9.147190883755684,
                                    "count": 258769,
                                    "self": 0.0,
                                    "children": {
                                        "worker_root": {
                                            "total": 10317.319605277851,
                                            "count": 258769,
                                            "is_parallel": true,
                                            "self": 6456.922872569296,
                                            "children": {
                                                "run_training.setup": {
                                                    "total": 0.0,
                                                    "count": 0,
                                                    "is_parallel": true,
                                                    "self": 0.0,
                                                    "children": {
                                                        "steps_from_proto": {
                                                            "total": 0.009761402034200728,
                                                            "count": 1,
                                                            "is_parallel": true,
                                                            "self": 0.00058775395154953,
                                                            "children": {
                                                                "_process_vector_observation": {
                                                                    "total": 0.009173648082651198,
                                                                    "count": 6,
                                                                    "is_parallel": true,
                                                                    "self": 0.009173648082651198
                                                                }
                                                            }
                                                        },
                                                        "UnityEnvironment.step": {
                                                            "total": 0.03322931507136673,
                                                            "count": 1,
                                                            "is_parallel": true,
                                                            "self": 0.0005255461437627673,
                                                            "children": {
                                                                "UnityEnvironment._generate_step_input": {
                                                                    "total": 0.0003653279272839427,
                                                                    "count": 1,
                                                                    "is_parallel": true,